Taxonomy,Topics,Subtopics,Subgroups,Elements,
Entering and staying in the UK,,,,,
Entering and staying in the UK,Travel and identity documents for foreign nationals,,,,
Entering and staying in the UK,Immigration offences,,,,
Entering and staying in the UK,,Immigration penalties,,,
Entering and staying in the UK,,Immigration detention,,,
Entering and staying in the UK,,"Deportation, removals and curtailment",,,
Entering and staying in the UK,Immigration adviser services,,,,
Entering and staying in the UK,Rights of foreign nationals in the UK,,,,
Entering and staying in the UK,,Right to rent in the UK,,,
Entering and staying in the UK,,Foreign nationals working in the UK,,,
Entering and staying in the UK,,Rights of EU and EEA citizens,,,
Entering and staying in the UK,,Rights of nationals from outside the EU and EEA,,,
Entering and staying in the UK,Visas and immigration corporate,,,,
Entering and staying in the UK,Border control,,,,
Entering and staying in the UK,Immigration rules,,,,
Entering and staying in the UK,"Refugees, asylum and human rights",,,,
Entering and staying in the UK,,Asylum for children,,,
Entering and staying in the UK,,Asylum decisions and appeals,,,
Entering and staying in the UK,,"Refugee, asylum and human rights claims",,,
Entering and staying in the UK,,Support for asylum claimants and refugees,,,
Entering and staying in the UK,Visas and entry clearance,,,,
Entering and staying in the UK,,Visa applications,,,
Entering and staying in the UK,,Visa refusals and appeals,,,
Entering and staying in the UK,,Family visas,,,
Entering and staying in the UK,,Student visas,,,
Entering and staying in the UK,,Tuberculosis (TB) testing,,,
Entering and staying in the UK,,Visa sponsorship,,,
Entering and staying in the UK,,Visa application centres,,,
Entering and staying in the UK,,Visit and transit visas,,,
Entering and staying in the UK,,Work and investor visas,,,
Entering and staying in the UK,Permanent stay in the UK,,,,
Entering and staying in the UK,,Settlement,,,
Entering and staying in the UK,,Citizenship,,,
Entering and staying in the UK,"Inspections of border, immigration and asylum services",,,,
Going and being abroad,,,,,
Going and being abroad,Travel abroad,,,,
Going and being abroad,Passports,,,,
Going and being abroad,British nationals overseas,,,,
Going and being abroad,Living abroad,,,,
"Education, training and skills",,,,,
"Education, training and skills","Further and higher education, skills and vocational training",,,,
"Education, training and skills",,Education in prisons,,,
"Education, training and skills",,Further education funding,,,
"Education, training and skills",,,Administering student funding,,
"Education, training and skills",,,Further education funding data,,
"Education, training and skills",,,Further education buildings and land,,
"Education, training and skills",,,Free meals for 16 to 18 year olds,,
"Education, training and skills",,,Apprenticeships funding,,
"Education, training and skills",,,Dance and drama funding for 16 to 19 year olds,,
"Education, training and skills",,,European Social Fund (ESF) and skills funding,,
"Education, training and skills",,,Adult education funding,,
"Education, training and skills",,"Apprenticeships, traineeships and internships",,,
"Education, training and skills",,,Becoming an intern or trainee,,
"Education, training and skills",,,Becoming an apprentice,,
"Education, training and skills",,,Hiring and training an apprentice,,
"Education, training and skills",,,Hiring and training an intern or trainee,,
"Education, training and skills",,,Types of apprenticeships,,
"Education, training and skills",,Careers guidance in further and higher education,,,
"Education, training and skills",,Further education financial management and data collection,,,
"Education, training and skills",,,Local authority further education financial reporting and assurance,,
"Education, training and skills",,,Data collection for further education providers,,
"Education, training and skills",,,Financial management for further education providers,,
"Education, training and skills",,Adult and community learning,,,
"Education, training and skills",,Further and higher education courses and qualifications,,,
"Education, training and skills",,,Principal learning qualifications,,
"Education, training and skills",,,Functional skills,,
"Education, training and skills",,Running a further or higher education institution,,,
"Education, training and skills",,Learning Records Service (LRS),,,
"Education, training and skills",,T levels,,,
"Education, training and skills","Pupil wellbeing, behaviour and attendance",,,,
"Education, training and skills",,Safeguarding pupils,,,
"Education, training and skills",,Alternative provision and pupil referral units,,,
"Education, training and skills",,School bullying,,,
"Education, training and skills",,"Health, safety and wellbeing in schools",,,
"Education, training and skills",,School attendance and absence,,,
"Education, training and skills",,School discipline and exclusions,,,
"Education, training and skills",Teaching and leadership,,,,
"Education, training and skills",,Teacher records,,,
"Education, training and skills",,"Teacher pay, pensions and conditions",,,
"Education, training and skills",,"Recruiting, inducting and managing teachers",,,
"Education, training and skills",,Teacher training and professional development,,,
"Education, training and skills",,,Qualified Teacher Status (QTS),,
"Education, training and skills",,,Initial Teacher Training (ITT),,
"Education, training and skills",,,School leadership,,
"Education, training and skills",,"Teaching standards, misconduct and practice",,,
"Education, training and skills",Inspections and performance of education providers,,,,
"Education, training and skills",,Inspection and performance of further education providers,,,
"Education, training and skills",,,Inspection of residential provision in further education colleges,,
"Education, training and skills",,,Further education intervention notices and reports,,
"Education, training and skills",,,Further education provider performance measures,,
"Education, training and skills",,,Student performance in further education,,
"Education, training and skills",,,Inspection of further education and skills providers,,
"Education, training and skills",,,Performance data and Ofsted reports of further education providers,,
"Education, training and skills",,Inspection and performance of schools,,,
"Education, training and skills",,,School intervention notices and reports,,
"Education, training and skills",,,Inspection of independent schools,,
"Education, training and skills",,,School performance measures,,
"Education, training and skills",,,Inspection of British schools overseas,,
"Education, training and skills",,,Inspection of maintained schools and academies,,
"Education, training and skills",,,Inspection of boarding and residential schools,,
"Education, training and skills",,,School performance tables and Ofsted reports,,
"Education, training and skills",,,Inspection of local authority support for schools,,
"Education, training and skills",,,Pupil performance in schools,,
"Education, training and skills",,,Inspection of non-maintained schools,,
"Education, training and skills",Education of disadvantaged children,,,,
"Education, training and skills",Starting and attending school,,,,
"Education, training and skills",,Home schooling,,,
"Education, training and skills",,Sending a child to school,,,
"Education, training and skills",,Help with school costs,,,
"Education, training and skills",,Dealing with problems at school,,,
"Education, training and skills",Running and managing a school,,,,
"Education, training and skills",,School-to-school support,,,
"Education, training and skills",,Recruiting and managing non-teaching school staff,,,
"Education, training and skills",,Careers guidance in schools,,,
"Education, training and skills",,School admissions,,,
"Education, training and skills",,School trips and extracurricular activity,,,
"Education, training and skills",,School complaints and whistleblowing,,,
"Education, training and skills",,Setting up or changing the status of a school,,,
"Education, training and skills",,,Set up and develop a multi-academy trust (MAT),,
"Education, training and skills",,,Set up a free school,,
"Education, training and skills",,,Set up or convert to an academy,,
"Education, training and skills",,,Set up an independent school,,
"Education, training and skills",,"School food, accommodation, transport and uniform",,,
"Education, training and skills",,School planning,,,
"Education, training and skills",,School governance,,,
"Education, training and skills",,School buildings and land,,,
"Education, training and skills",,,School buildings and land guidelines,,
"Education, training and skills",,,School buildings and land transactions,,
"Education, training and skills",,,School places,,
"Education, training and skills",,Data collection and censuses for schools,,,
"Education, training and skills",,,General hospital school censuses,,
"Education, training and skills",,,School exclusion reviews,,
"Education, training and skills",,,Special educational needs surveys,,
"Education, training and skills",,,Alternative provision censuses,,
"Education, training and skills",,,Parental responsibility measures attendance censuses,,
"Education, training and skills",,,School capacity surveys,,
"Education, training and skills",,,Key stage 1 and 2 assessments data collection,,
"Education, training and skills",,,Phonics screening checks,,
"Education, training and skills",,,School preference and admission appeals data collection,,
"Education, training and skills",,,School censuses and school-level annual school censuses (SLASC),,
"Education, training and skills",,,School workforce censuses,,
"Education, training and skills",School and academy financial management and assurance,,,,
"Education, training and skills",,Local authority schools financial reporting and assurance,,,
"Education, training and skills",,Academy and academy trust finance and reporting,,,
"Education, training and skills",,School procurement,,,
"Education, training and skills",,"Financial management, reporting and assurances for 16 to 19 year olds funding",,,
"Education, training and skills",Funding and finance for students,,,,
"Education, training and skills",,Financial help for students who are parents or carers,,,
"Education, training and skills",,"Student grants, bursaries and scholarships",,,
"Education, training and skills",,Student loans,,,
"Education, training and skills",School curriculum,,,,
"Education, training and skills",,Key stage 5 (AS and A Levels),,,
"Education, training and skills",,,"Key stage 5 exam marking, qualifications and results",,
"Education, training and skills",,,AS and A level changes and reforms,,
"Education, training and skills",,,AS and A level subject content and requirements,,
"Education, training and skills",,"Personal, social, health and economic education",,,
"Education, training and skills",,"Secondary curriculum, key stage 3 and key stage 4 (GCSEs)",,,
"Education, training and skills",,,GCSE subject content and requirements,,
"Education, training and skills",,,"Key stage 3 and 4 exam marking, qualifications and results",,
"Education, training and skills",,,GCSE changes and reforms,,
"Education, training and skills",,Early years curriculum,,,
"Education, training and skills",,"Spiritual, moral, social and cultural development",,,
"Education, training and skills",,"Primary curriculum, key stage 2",,,
"Education, training and skills",,,Tests and assessments (key stage 2),,
"Education, training and skills",,,English (key stage 2),,
"Education, training and skills",,,Science (key stage 2),,
"Education, training and skills",,,Maths (key stage 2),,
"Education, training and skills",,,Programmes of study (key stage 2),,
"Education, training and skills",,"Primary curriculum, key stage 1",,,
"Education, training and skills",,,Tests and assessments (key stage 1),,
"Education, training and skills",,,Phonics,,
"Education, training and skills",,,Maths (key stage 1),,
"Education, training and skills",,,Science (key stage 1),,
"Education, training and skills",,,Programmes of study (key stage 1),,
"Education, training and skills",,Exam regulation and administration,,,
"Education, training and skills",Special educational needs and disability (SEND) and high needs,,,,
"Education, training and skills",,Support for special educational needs and disability (SEND) ,,,
"Education, training and skills",,Funding for high needs,,,
"Education, training and skills",,Funding for special educational needs and disability (SEND),,,
"Education, training and skills",School and academy funding,,,,
"Education, training and skills",,Schools forums,,,
"Education, training and skills",,Pupil premium and other school premiums ,,,
"Education, training and skills",,Funding for school buildings and land,,,
"Education, training and skills",,Free school meals (FSM) funding ,,,
"Education, training and skills",,Funding for different types of schools and settings,,,
"Education, training and skills",,,Academy funding,,
"Education, training and skills",,,Early years funding,,
"Education, training and skills",,,Funding for 16 to 19 year olds in schools,,
"Education, training and skills",,,Local authority schools funding,,
"Education, training and skills",,,Alternative provision funding,,
"Education, training and skills",,,Special schools funding,,
"Education, training and skills",,Funding for school places,,,
"Education, training and skills",,Initial Teacher Training funding,,,
"Education, training and skills",,,School Direct funding,,
"Education, training and skills",,,Subject Knowledge Enhancement (SKE) funding,,
"Parenting, childcare and children's services ",,,,,
"Parenting, childcare and children's services ","Divorce, separation and legal issues",,,,
"Parenting, childcare and children's services ",,Child custody,,,
"Parenting, childcare and children's services ",,Disagreements about parentage,,,
"Parenting, childcare and children's services ",,Child maintenance,,,
"Parenting, childcare and children's services ",Childcare and early years,,,,
"Parenting, childcare and children's services ",,Local authorities and early years,,,
"Parenting, childcare and children's services ",,Finding childcare,,,
"Parenting, childcare and children's services ",,Providing childcare,,,
"Parenting, childcare and children's services ",,,Funding and finance for childcare providers,,
"Parenting, childcare and children's services ",,,"Children's centres, childminders, pre-schools and nurseries",,
"Parenting, childcare and children's services ",,,Performance and inspection of childcare providers,,
"Parenting, childcare and children's services ",,,Recruiting and managing early years staff,,
"Parenting, childcare and children's services ",,,Becoming a childcare provider,,
"Parenting, childcare and children's services ",,,Early years curriculum (0 to 5),,
"Parenting, childcare and children's services ",,Data collection for early years and childcare,,,
"Parenting, childcare and children's services ",,,Early years census,,
"Parenting, childcare and children's services ",,,Early years foundation stage profile return,,
"Parenting, childcare and children's services ",Financial help if you have children,,,,
"Parenting, childcare and children's services ",,Financial help if you have a disabled child,,,
"Parenting, childcare and children's services ",,Child benefit,,,
"Parenting, childcare and children's services ",,Financial help when having a baby,,,
"Parenting, childcare and children's services ",,Tax credits if you have children,,,
"Parenting, childcare and children's services ",,Savings accounts for children,,,
"Parenting, childcare and children's services ",,Financial help if you're a student with children,,,
"Parenting, childcare and children's services ",,Financial support for childcare,,,
"Parenting, childcare and children's services ","Adoption, fostering and surrogacy",,,,
"Parenting, childcare and children's services ",,Adoption,,,
"Parenting, childcare and children's services ",,Intercountry adoption,,,
"Parenting, childcare and children's services ",,Fostering,,,
"Parenting, childcare and children's services ",,Special guardianship,,,
"Parenting, childcare and children's services ",,Surrogacy,,,
"Parenting, childcare and children's services ",Children's health and welfare,,,,
"Parenting, childcare and children's services ",,Support for children with special educational needs and disabilities (SEND),,,
"Parenting, childcare and children's services ",,Children's rights,,,
"Parenting, childcare and children's services ",,Mental health of children and young people,,,
"Parenting, childcare and children's services ",,Help for children with a long-term illness or disability,,,
"Parenting, childcare and children's services ",,Child poverty,,,
"Parenting, childcare and children's services ",,Children's health,,,
"Parenting, childcare and children's services ",Youth employment and social issues,,,,
"Parenting, childcare and children's services ",Pregnancy and birth,,,,
"Parenting, childcare and children's services ",,Register the birth of a child,,,
"Parenting, childcare and children's services ",,Working and time off when you're having a baby,,,
"Parenting, childcare and children's services ",Safeguarding and social care for children,,,,
"Parenting, childcare and children's services ",,Child and family social work,,,
"Parenting, childcare and children's services ",,Safeguarding and child protection,,,
"Parenting, childcare and children's services ",,,Data collection for safeguarding and child protection,,
"Parenting, childcare and children's services ",,,Child abduction and cross-border child protection,,
"Parenting, childcare and children's services ",,,Serious case reviews,,
"Parenting, childcare and children's services ",,,"Refugee, runaway and homeless children",,
"Parenting, childcare and children's services ",,,"Preventing neglect, abuse and exploitation",,
"Parenting, childcare and children's services ",,Looked-after children and children in care,,,
"Parenting, childcare and children's services ",,,"Health, wellbeing and education of looked-after children",,
"Parenting, childcare and children's services ",,,Data collection for looked-after children,,
"Parenting, childcare and children's services ",,,Children's homes and other accommodation,,
"Parenting, childcare and children's services ",,,Children and young people leaving care,,
"Parenting, childcare and children's services ",,Children's social care providers,,,
"Parenting, childcare and children's services ",,,Becoming a children's social care provider,,
"Parenting, childcare and children's services ",,,Social care provider complaints,,
"Parenting, childcare and children's services ",,,Inspection of children's social care providers,,
"Parenting, childcare and children's services ",,,,Inspections of fostering and adoption agencies,
"Parenting, childcare and children's services ",,,,Inspections of local authority children's services,
"Parenting, childcare and children's services ",,,,Children's homes and other residential care inspections,
"Parenting, childcare and children's services ",,,,"Incidents, concerns and feedback about children's social care providers",
Corporate information,,,,,
Transport,,,,,
Transport,Transport modelling and appraisal,,,,
Transport,Transport accessibility and mobility,,,,
Transport,,Taxi and private hire accessibility,,,
Transport,,Mobility scooters and wheelchairs,,,
Transport,,Blue badges,,,
Transport,,Help on public transport,,,
Transport,Rail,,,,
Transport,,Rail ticketing and fares,,,
Transport,,Rail stations,,,
Transport,,Crossrail,,,
Transport,,Rail accessibility,,,
Transport,,Rail network,,,
Transport,,Rail infrastructure,,,
Transport,,Rail interoperability,,,
Transport,,Rail passenger experience,,,
Transport,,Rail safety and security,,,
Transport,,Rail franchising,,,
Transport,,,Rail franchise procurement,,
Transport,,,Rail franchise public register,,
Transport,,HS2,,,
Transport,,,HS2 and the environment,,
Transport,,,HS2 corporate,,
Transport,,,HS2 property,,
Transport,,,HS2 business case,,
Transport,,,HS2 construction and engineering,,
Transport,,,HS2 supply chain,,
Transport,,,HS2 stations,,
Transport,,,HS2 stakeholder and community engagement,,
Transport,,,HS2 design,,
Transport,,,HS2 additional provisions,,
Transport,,,HS2 legislation,,
Transport,,,HS2 costs,,
Transport,,,HS2 Phase Two,,
Transport,,,,HS2 Phase 2b,
Transport,,,,HS2 Phase 2a,
Transport,,,HS2 Phase One,,
Transport,,,HS2 planning,,
Transport,,,HS2 archaeology,,
Transport,,Community rail,,,
Transport,,Rail network and the environment,,,
Transport,,Rolling stock (passenger trains),,,
Transport,,Rail accidents and serious incidents,,,
Transport,Transport planning,,,,
Transport,Transport security,,,,
Transport,Corporate and operational information (transport),,,,
Transport,Driving and road transport,,,,
Transport,,Vans and minibuses,,,
Transport,,Cycling and walking,,,
Transport,,Autonomous road vehicles,,,
Transport,,"Vehicle ownership, approval and standards",,,
Transport,,,Driver and vehicle record,,
Transport,,,Vehicle import and export,,
Transport,,,Vehicle tax,,
Transport,,,Vehicle insurance,,
Transport,,,MOTs,,
Transport,,,,"Car, motorcycle and van MOT tests",
Transport,,,,"HGV, bus and trailer MOT tests",
Transport,,,Vehicle manufacturing and modification,,
Transport,,,Vehicle recalls,,
Transport,,,HGV standards and checks,,
Transport,,,"Vehicle registration, log books and number plates",,
Transport,,,PSV standards and checks,,
Transport,,,"Buying, selling, registering and scrapping a vehicle",,
Transport,,Driving and motorcycle tests,,,
Transport,,,Motorcycle training,,
Transport,,,Theory tests,,
Transport,,,Car driving tests,,
Transport,,,Motorcycle and moped tests,,
Transport,,,"Lorry, bus, coach and specialist vehicle driving tests",,
Transport,,Driving licences,,,
Transport,,,Personal driving licence information,,
Transport,,,Driving licence categories,,
Transport,,,Foreign driving licences,,
Transport,,,Driving abroad,,
Transport,,,Driving licences and medical conditions,,
Transport,,,Driving licence applications and renewals,,
Transport,,"Road safety, driving rules and penalties",,,
Transport,,,Driving and medical conditions,,
Transport,,,Driving and mobile phones,,
Transport,,,Seat belts,,
Transport,,,Speeding,,
Transport,,,"Penalty points, fines and driving bans",,
Transport,,,Towing,,
Transport,,,Drivers' hours,,
Transport,,,Drink and drug driving,,
Transport,,,Road accidents and serious accidents,,
Transport,,Driving instruction and driving lessons,,,
Transport,,,Driving examination,,
Transport,,,"Driving, motorcycle and LGV instructor qualification process",,
Transport,,,Professional development for driving and motorcycle instructors,,
Transport,,,Driving instructor registration and renewals,,
Transport,,"Professional driving of lorries, buses and coaches",,,
Transport,,,EU and international driving rules,,
Transport,,,Tachographs,,
Transport,,,Driver CPC training,,
Transport,,Transport businesses and vehicle operator licences,,,
Transport,,,Fleet management,,
Transport,,,Driver CPC training centres,,
Transport,,,Vehicle operator licences,,
Transport,,,,Public service vehicles licensing,
Transport,,,,HGV and goods carriage vehicle licensing,
Transport,,,,Taxi and private hire vehicle licensing,
Transport,,,Employing drivers,,
Transport,,Road transport and the environment,,,
Transport,,,Renewable fuels,,
Transport,,,Low emission and electric vehicles,,
Transport,,,Road transport emissions,,
Transport,,Road traffic,,,
Transport,Road infrastructure,,,,
Transport,,Road maintenance,,,
Transport,,Animals on roads,,,
Transport,,Advice for drivers,,,
Transport,,Roads and the environment,,,
Transport,,Smart motorways,,,
Transport,,Parking,,,
Transport,,"Traffic signs, signals and markings",,,
Transport,,Speed limits and traffic cameras,,,
Transport,,Road tolls and charges,,,
Transport,,Road improvement and investment,,,
Transport,,,Major roads,,
Transport,,,Motorways,,
Transport,,,Local roads,,
Transport,,,Making roads safer,,
Transport,,,Road resurfacing,,
Transport,,Road works and street works,,,
Transport,,,Road closures,,
Transport,,,Weekend closures,,
Transport,,,Planned roadworks,,
Transport,,,Overnight works,,
Transport,,,Property affected by roadworks and street works,,
Transport,Careers in transport,,,,
Transport,Maritime and shipping,,,,
Transport,,UK sea passengers,,,
Transport,,Maritime passenger rights,,,
Transport,,Waterways (maritime),,,
Transport,,Maritime security,,,
Transport,,Vessel surveys and inspection,,,
Transport,,Fishing,,,
Transport,,Maritime enforcement and prosecution,,,
Transport,,"Seafarer management, training and certification",,,
Transport,,,Employment of seafarers,,
Transport,,,Ship crew training and certification,,
Transport,,,Ship crew health and safety,,
Transport,,Wrecks,,,
Transport,,Coastguard search and rescue,,,
Transport,,Maritime navigation,,,
Transport,,Maritime and the environment,,,
Transport,,Maritime safety,,,
Transport,,,Safe and compliant operation of vessels,,
Transport,,,Life saving appliances (LSA),,
Transport,,"Ports, harbours and offshore installations",,,
Transport,,Vessel registration and design,,,
Transport,,,Vessel design,,
Transport,,,Vessel registration,,
Transport,,,Ship equipment,,
Transport,,Maritime accidents and serious incidents,,,
Transport,Aviation,,,,
Transport,,Air routes,,,
Transport,,Aviation passenger experience,,,
Transport,,Air passenger duty,,,
Transport,,Aviation and Europe,,,
Transport,,Night flights,,,
Transport,,New aviation technology,,,
Transport,,,Drones,,
Transport,,,Spaceflight,,
Transport,,Surface access to airports,,,
Transport,,Airport capacity and expansion,,,
Transport,,Aviation and the environment,,,
Transport,,Aviation safety and security,,,
Transport,,Air navigation,,,
Transport,,Air accidents and serious incidents,,,
Transport,,General aviation,,,
Transport,Local transport,,,,
Transport,,Inland waterways,,,
Transport,,Travel passes and concessions,,,
Transport,,Light rail and trams,,,
Transport,,Local transport funding,,,
Transport,,Buses,,,
Transport,,,Buses and the environment,,
Transport,,,Bus operators,,
Transport,,,Bus passenger experience,,
Transport,,,Improvements to buses,,
Transport,,,Bus accessibility,,
Transport,,,"Bus services, routes and timetables",,
Transport,,Tube,,,
Transport,"Freight, haulage and cargo",,,,
Transport,,Rail freight and cargo,,,
Transport,,Transporting dangerous goods,,,
Transport,,,Safe transport of dangerous goods by road and rail,,
Transport,,,Safe transport of dangerous goods by sea,,
Transport,,Vessel cargo,,,
Transport,,Transporting abnormal loads,,,
Transport,,Road haulage,,,
Environment,,,,,
Environment,Environmental permits,,,,
Environment,Water industry,,,,
Environment,,Discharge water,,,
Environment,,Impound (store) water,,,
Environment,,Abstract (take) water,,,
Environment,,Water quality,,,
Environment,,Drought and water availability,,,
Environment,,Water and sewerage services,,,
Environment,Climate change and energy,,,,
Environment,,Emissions and emissions trading,,,
Environment,,Energy efficiency,,,
Environment,,Energy and climate change: evidence and analysis,,,
Environment,,Greenhouse gas emissions,,,
Environment,,Climate change international action,,,
Environment,,Climate change adaptation,,,
Environment,Rural and countryside,,,,
Environment,,Boats and waterways,,,
Environment,,Countryside,,,
Environment,,,Access to the countryside,,
Environment,,,"Parks, trails and nature reserves",,
Environment,,Forests and woodland,,,
Environment,,Rural development and land management,,,
Environment,,,Societal risk,,
Environment,,,Commons and greens,,
Environment,,,Pollution,,
Environment,,,Protected sites,,
Environment,,,"Weeds and invasive, non-native plants",,
Environment,,,Hedgerows,,
Environment,,,Farming,,
Environment,,,Contaminated land,,
Environment,,,Economic growth in rural areas,,
Environment,,,Rural economy and community,,
Environment,Pollution and environmental quality,,,,
Environment,"River maintenance, flooding and coastal erosion",,,,
Environment,"Wildlife, animals, biodiversity and ecosystems",,,,
Environment,,Biodiversity and ecosystems,,,
Environment,,Wildlife and animal welfare,,,
Environment,,Animal and plant health,,,
Environment,,Protected sites and species,,,
Environment,,,Marine sites and species,,
Environment,,,Land sites,,
Environment,,,Land species,,
Environment,,Wildlife and habitat conservation,,,
Environment,,,Birds,,
Environment,,,Fish and shellfish,,
Environment,,,Plants,,
Environment,,,Invertebrates,,
Environment,,,Reptiles and amphibians,,
Environment,,,Mammals,,
Environment,,Pets,,,
Environment,,Animal welfare,,,
Environment,"Commercial fishing, fisheries and vessels",,,,
Environment,,"Fishing regulations, monitoring and enforcement",,,
Environment,,,Catch Quota Trials,,
Environment,,,First sale marine fish,,
Environment,,,Fisheries statistics,,
Environment,,,Sales notes and electronic recording systems,,
Environment,,,Fishing quota and catch limits ,,
Environment,,Fisheries funding,,,
Environment,,Fishing vessels,,,
Environment,,,Vessel and crew safety and certification,,
Environment,,,Vessel surveys and inspections,,
Environment,,,Vessel licensing,,
Environment,,,Vessel monitoring systems,,
Environment,,,Vessel licensing and lists,,
Environment,,Marine fisheries,,,
Environment,,Freshwater fisheries,,,
Environment,Waste and recycling,,,,
Environment,,Waste and environmental impact,,,
Environment,,Waste management,,,
Environment,,Radioactive and nuclear substances and waste,,,
Environment,Food and farming,,,,
Environment,,Food and farming industry,,,
Environment,,Common Agricultural Policy reform,,,
Environment,,Keeping farmed animals,,,
Environment,,,Cattle deaths,,
Environment,,,Deer farming,,
Environment,,,"Pig identification, registration and movements",,
Environment,,,"Shows, fairs and markets",,
Environment,,,Veterinary medicines,,
Environment,,,Poultry registration,,
Environment,,,"Sheep and goats identification, registration and movements",,
Environment,,,Import and export of farmed animals,,
Environment,,,"Cattle identification, registration and movements",,
Environment,,,Reporting disease and disease outbreaks,,
Environment,,,Bovine tuberculosis (bovine TB),,
Environment,,Producing and distributing food,,,
Environment,,,Crops and horticulture ,,
Environment,,,Food labelling and safety,,
Environment,,,"Import, export and distribution of food",,
Environment,,,Meat production,,
Environment,,,Dairy and milk production,,
Environment,,,Sugar,,
Environment,,,Egg production and marketing,,
Environment,,Farming and food grants and payments,,,
Environment,,,Intervention schemes,,
Environment,,,Rural grants and payments,,
Environment,,,,Basic Payment Scheme (BPS),
Environment,,,,Common Agricultural Policy (CAP) reform,
Environment,,,,Cross-compliance,
Environment,,,,Rural development,
Environment,,,,Online applications and payments,
Environment,,,,Countryside stewardship,
Environment,,,School milk scheme,,
Environment,,,Private storage aid,,
Environment,Marine,,,,
Environment,,Harbour orders,,,
Environment,,Sea fishing,,,
Environment,,Harbours,,,
Environment,,Marine protection and wildlife,,,
Environment,,Species protection and marine conservation,,,
Environment,,Treasure and wrecks,,,
Environment,,Marine licences,,,
Environment,,Hydrography,,,
Environment,,Marine planning,,,
Environment,,Marine environment,,,
Environment,Chemicals,,,,
Environment,,F-gases and HCFCs,,,
Environment,,Polychlorinated biphenyl (PCBs),,,
Environment,,Mercury,,,
Environment,,Contaminated land,,,
Environment,,REACH regulations,,,
Environment,,COMAH (control of major accident hazards),,,
Environment,,Seveso II Directive,,,
Environment,Energy infrastructure,,,,
Environment,,Low carbon technologies,,,
Environment,,"Oil, gas and coal",,,
Environment,,,Oil spills,,
Environment,,,Oil and gas licensing,,
Environment,,,Exploration and production,,
Environment,,,Infrastructure and decommissioning,,
Environment,,,Carbon capture and storage,,
Environment,,,Oil and gas finance and taxation,,
Environment,,,,Market values,
Environment,,,,Tax and profits,
Environment,,,Fields and wells,,
Environment,,,Onshore oil and gas,,
Environment,,,Offshore oil and gas,,
Environment,,,Coal,,
Environment,,,,Mine water management,
Environment,,,,Mining reports and data,
Environment,,,,Property and development,
Environment,,,,Mining permits and licences,
Welfare,,,,,
Welfare,Child Benefit,,,,
Welfare,,Support for families,,,
Welfare,,High Income Tax Charge,,,
Welfare,Carers and disability benefits,,,,
Welfare,Child maintenance reform,,,,
Welfare,Death and benefits,,,,
Welfare,Benefits for families,,,,
Welfare,Heating and housing benefits,,,,
Welfare,Tax credits,,,,
Welfare,Benefits entitlement,,,,
Welfare,Jobseeker's Allowance and low income benefits,,,,
Welfare,Universal Credit,,,,
Welfare,Welfare reform,,,,
"Housing, local and community",,,,,
"Housing, local and community",Land registration,,,,
"Housing, local and community",,Business and mortgage services,,,
"Housing, local and community",,,Mortgage services,,
"Housing, local and community",,,Spatial data,,
"Housing, local and community",,,Ownership verification ,,
"Housing, local and community",,,Risk management,,
"Housing, local and community",,,Conveyancing services ,,
"Housing, local and community",,,Property portfolio management ,,
"Housing, local and community",,"Land registration searches, fees and forms",,,
"Housing, local and community",,Land Registration Data ,,,
"Housing, local and community",Planning and building,,,,
"Housing, local and community",,Landscape,,,
"Housing, local and community",,Planning system,,,
"Housing, local and community",,Land and development opportunities,,,
"Housing, local and community",,Planning reform,,,
"Housing, local and community",,Planning permission and appeals,,,
"Housing, local and community",,House building,,,
"Housing, local and community",,Building regulation,,,
"Housing, local and community",,,CDM (construction design and management),,
"Housing, local and community",,Local Plans,,,
"Housing, local and community",,Housing design and sustainability,,,
"Housing, local and community",,Environmental planning,,,
"Housing, local and community",,,Land use planning,,
"Housing, local and community",,,Societal risk,,
"Housing, local and community",,Party walls,,,
"Housing, local and community",,Energy efficiency in buildings,,,
"Housing, local and community",Household energy,,,,
"Housing, local and community",,Gas - LPG (liquefied petroleum gas),,,
"Housing, local and community",,Gas - Domestic,,,
"Housing, local and community",Housing and communities,,,,
"Housing, local and community",,Council housing and housing association,,,
"Housing, local and community",,Being a landlord and renting out a room,,,
"Housing, local and community",,"Repossessions, emergency housing and evictions",,,
"Housing, local and community",,Housing for older and vulnerable people,,,
"Housing, local and community",,Owning and renting a property,,,
"Housing, local and community",,Freehold and leasehold property,,,
"Housing, local and community",,Tenancies and leases,,,
"Housing, local and community",,Rented housing sector,,,
"Housing, local and community",,Homebuying,,,
"Housing, local and community",,Housing regulation,,,
"Housing, local and community",,"Recycling, rubbish, streets and roads",,,
"Housing, local and community",,Housing funding programmes,,,
"Housing, local and community",,Safety and the environment in your community,,,
"Housing, local and community",,"Neighbours, noise and pests",,,
"Housing, local and community",,Homelessness and rough sleeping,,,
"Housing, local and community",,Traveller communities,,,
Life circumstances,,,,,
Life circumstances,"Having a child, parenting and adoption",,,,
Life circumstances,"Certificates, register offices, changes of name or gender",,,,
Life circumstances,"Lasting power of attorney, being in care and your finances",,,,
Life circumstances,"Marriage, civil partnership and divorce",,,,
Life circumstances,,Help and support if you have children,,,
Life circumstances,,Child maintenance,,,
Life circumstances,,Getting separated or divorced,,,
Life circumstances,,Getting married ,,,
Life circumstances,Death and bereavement,,,,
Life circumstances,,Death registration disclosure,,,
International,,,,,
International,Foreign affairs,,,,
International,,Afghanistan,,,
International,,Peace and stability in the Middle East and North Africa,,,
International,,Falkland Islanders' right to self-determination,,,
International,,Piracy off the coast of Somalia,,,
International,,UK Overseas Territories,,,
International,,Iran's nuclear programme,,,
International,,Conflict in fragile states,,,
International,International aid and development,,,,
International,,Women and girls in developing countries,,,
International,,Health in developing countries,,,
International,,Governance in developing countries,,,
International,,Overseas aid transparency,,,
International,,Overseas aid effectiveness,,,
International,,Climate change impact in developing countries,,,
International,,Economic growth in developing countries,,,
International,,Hunger and malnutrition in developing countries,,,
International,,Education in developing countries,,,
International,,Humanitarian emergencies,,,
International,,Water and sanitation in developing countries,,,
International,Human rights internationally,,,,
International,"UK prosperity and security: Asia, Latin America and Africa",,,,
International,Anti-corruption,,,,
International,The Commonwealth,,,,
International,Sexual violence in conflict,,,,
Defence and armed forces,,,,,
Defence and armed forces,UK nuclear deterrent,,,,
Defence and armed forces,Weapons proliferation,,,,
Defence and armed forces,Armed forces support for activities in the UK,,,,
Defence and armed forces,Armed forces,,,,
Defence and armed forces,Support services for veterans and their families,,,,
Defence and armed forces,Support services for military and defence personnel and their families,,,,
Defence and armed forces,,British Forces Post Office,,,
Defence and armed forces,,Housing and accommodation,,,
Defence and armed forces,,Pensions and compensation,,,
Defence and armed forces,Military awards and commemorations,,,,
Defence and armed forces,,Honours and awards,,,
Defence and armed forces,,Veterans,,,
Defence and armed forces,,Medals,,,
Defence and armed forces,Ministry of Defence estate,,,,
Defence and armed forces,,Military crash sites,,,
Defence and armed forces,,Sale of land,,,
Defence and armed forces,,Art collection,,,
Defence and armed forces,,Film locations,,,
Defence and armed forces,,Public access,,,
Defence and armed forces,"Military recruitment, training and operations",,,,
Defence and armed forces,"Military equipment, logistics and technology",,,,
Defence and armed forces,International defence commitments,,,,
Defence and armed forces,Stability in the Western Balkans,,,,
Defence and armed forces,Armed forces and Ministry of Defence reform,,,,
Defence and armed forces,Armed Forces Covenant,,,,
Defence and armed forces,Nuclear disarmament,,,,
"Crime, justice and law",,,,,
"Crime, justice and law",Violence (workplace),,,,
"Crime, justice and law",Young people and the law,,,,
"Crime, justice and law",Statutory rights,,,,
"Crime, justice and law",Your rights and the law,,,,
"Crime, justice and law",Crime prevention,,,,
"Crime, justice and law",Prisons and probation,,,,
"Crime, justice and law",,Prisons healthcare,,,
"Crime, justice and law",,MAPPA,,,
"Crime, justice and law",Legal aid,,,,
"Crime, justice and law",,High cost and complex cases,,,
"Crime, justice and law",,Electronic working,,,
"Crime, justice and law",,Payments and processing,,,
"Crime, justice and law",,Tenders,,,
"Crime, justice and law",,Crime,,,
"Crime, justice and law",,Civil and crime contracts,,,
"Crime, justice and law",Reporting crimes and getting compensation,,,,
"Crime, justice and law","Courts, sentencing and tribunals",,,,
"Crime, justice and law",Counter-terrorism,,,,
"Crime, justice and law",Policing,,,,
"Crime, justice and law","Knife, gun and gang crime",,,,
"Crime, justice and law",Reoffending and rehabilitation,,,,
"Crime, justice and law",Legal aid reform,,,,
"Crime, justice and law",Attorney General guidance to the legal profession,,,,
"Crime, justice and law",Forced marriage,,,,
"Crime, justice and law",Domestic violence,,,,
"Crime, justice and law",Law and practice,,,,
"Crime, justice and law",,Copyright,,,
"Crime, justice and law",,Patents,,,
"Crime, justice and law",,Designs,,,
"Crime, justice and law",,Trade marks,,,
"Crime, justice and law",Family justice system,,,,
"Crime, justice and law",Justice system transparency,,,,
"Crime, justice and law",Violence against women and girls,,,,
"Crime, justice and law",Criminal justice reform,,,,
"Crime, justice and law",Civil justice reform,,,,
"Crime, justice and law",Criminal record disclosure,,,,
"Crime, justice and law",Victims of crime,,,,
"Crime, justice and law",Sentencing reform,,,,
"Crime, justice and law",Administrative justice reform,,,,
"Crime, justice and law",Byelaws,,,,
"Crime, justice and law",Data protection,,,,
"Crime, justice and law",Counter-extremism ,,,,
Regional and local government,,,,,
Regional and local government,Devolution,,,,
Regional and local government,Local government,,,,
Regional and local government,,Local government finance and capital assets,,,
Regional and local government,,Local government pensions,,,
Regional and local government,,Council Tax,,,
Regional and local government,,,Renting,,
Regional and local government,,,Council Tax bands,,
Regional and local government,,,Appeals and reductions,,
Regional and local government,,,Council Tax reform,,
Regional and local government,,Local Housing Allowance,,,
Regional and local government,,Business rates,,,
Regional and local government,,,Your rateable value,,
Regional and local government,,,"Relief, refunds and rebates",,
Regional and local government,,,Submit your rent or lease details,,
Regional and local government,,Data collection and reporting,,,
Regional and local government,,Councils and elections,,,
Regional and local government,Wales,,,,
Regional and local government,,Welsh devolution,,,
Regional and local government,,Economic growth in Wales,,,
Regional and local government,Local government spending,,,,
Regional and local government,Northern Ireland,,,,
Regional and local government,,Northern Ireland economy,,,
Regional and local government,,Northern Ireland political stability,,,
Regional and local government,,Northern Ireland community relations,,,
Regional and local government,,Northern Ireland security,,,
Regional and local government,Localism,,,,
Regional and local government,Scotland,,,,
Regional and local government,,Scottish devolution,,,
Regional and local government,,Scottish constitution,,,
Regional and local government,Local councils and services,,,,
Society and culture,,,,,
Society and culture,"Charities, volunteering and honours",,,,
Society and culture,British citizenship ,,,,
Society and culture,Community and society,,,,
Society and culture,,National Lottery funding,,,
Society and culture,,Social investment,,,
Society and culture,,Social action,,,
Society and culture,,Community integration,,,
Society and culture,Arts and culture,,,,
Society and culture,,City of Culture,,,
Society and culture,,Conservation of historic buildings and monuments,,,
Society and culture,,Library services,,,
Society and culture,,Museums and galleries,,,
Society and culture,Sports and leisure,,,,
Society and culture,,Community amateur sports clubs (CASCs),,,
Society and culture,,Recreation,,,
Society and culture,,Sports participation,,,
Society and culture,,Elite sports performance,,,
Society and culture,,2012 Olympic and Paralympic legacy,,,
Society and culture,National events and ceremonies,,,,
Society and culture,"Equality, rights and citizenship",,,,
Society and culture,,Equality,,,
Society and culture,,Poverty and social justice,,,
Society and culture,,Social mobility,,,
Society and culture,Loneliness,,,,
Society and culture,Tourism,,,,
Society and culture,Young people,,,,
Society and culture,Online safety,,,,
Society and culture,Digital inclusion and accessibility in society,,,,
Government,,,,,
Government,Nuclear safeguards,,,,
Government,Public sector land use,,,,
Government,National security,,,,
Government,,Civil Nuclear Security,,,
Government,"Government efficiency, transparency and accountability",,,,
Government,,Government spending,,,
Government,,,Government funding programmes,,
Government,,Major project management,,,
Government,,Deficit reduction,,,
Government,"Emergency preparation, response and recovery",,,,
Government,,Fire prevention and rescue,,,
Government,Public services,,,,
Government,Government technology and digital services,,,,
Government,,Buying technology,,,
Government,,,Digital Marketplace,,
Government,,,Digital outcomes and specialists framework,,
Government,,Managing government websites,,,
Government,,,Hosting your service,,
Government,,Public Service Network (PSN),,,
Government,,User research,,,
Government,,Digital transformation,,,
Government,,,Smarter working,,
Government,,,Green technology,,
Government,,,Job roles and talent acquisition ,,
Government,,,Cloud strategy,,
Government,,,Legacy,,
Government,,APIs and app development,,,
Government,,,APIs,,
Government,,,Application development,,
Government,,Digital security,,,
Government,,,End user devices,,
Government,,,Risk management,,
Government,,,Cloud security,,
Government,,,Email,,
Government,,,Passwords,,
Government,,,Phishing ,,
Government,,,Identity assurance,,
Government,,,Digital service security,,
Government,,Open source and open standards,,,
Government,,,Open standards,,
Government,,,Open source,,
Government,,GOV.UK services,,,
Government,,,Performance platform,,
Government,,,GovWifi,,
Government,,,GOV.UK Pay,,
Government,,,GOV.UK Registers,,
Government,,,GOV.UK Proposition,,
Government,,,GOV.UK Platform as a Service (PaaS),,
Government,,,GOV.UK Verify,,
Government,,,GOV.UK Notify,,
Government,,Networks and telecommunications,,,
Government,,,Telecommunications,,
Government,,,Networking,,
Government,,Data,,,
Government,,,Data usage,,
Government,,,Data provisioning,,
Government,,Design and build of government services,,,
Government,,,Digital Service Standard,,
Government,,,Design principles,,
Government,,,Government content and publishing,,
Government,,Digital inclusion,,,
Government,,Digital accessibility,,,
Government,Sustainable development,,,,
Government,,Renewable energy technologies,,,
Government,Cyber security,,,,
Government,Europe,,,,
Government,,European single market,,,
Government,,European Union laws and regulation,,,
Government,,European funds,,,
Government,Democracy,,,,
Government,,Voting,,,
Government,,Constitutional affairs,,,
Government,,Legislative process,,,
Government,Government reform ,,,,
Government,,Postal service reform,,,
Government,,Civil service reform,,,
Work,,,,,
Work,Secondments with government,,,,
Work,Government graduate schemes,,,,
Work,Self-employment,,,,
Work,,Tax and National Insurance,,,
Work,,Paying HMRC,,,
Work,,Stopping or selling your business,,,
Work,,Managing expenses,,,
Work,,Self Assessment,,,
Work,Labour market reform,,,,
Work,Health and safety reform,,,,
Work,Work and disabled people,,,,
Work,"Working, jobs and pensions",,,,
Work,,Recruiting and hiring,,,
Work,,Finding a job,,,
Work,,"Your pay, tax and the National Minimum Wage",,,
Work,,Workplace bullying and harassment,,,
Work,,"Holidays, time off, sick leave, maternity and paternity leave",,,
Work,,Workplace and personal pensions,,,
Work,,Your rights at work and trade unions,,,
Work,,,Temporary and agency workers,,
Work,,,Vulnerable workers,,
Work,,State Pension,,,
Work,,Contracts and working hours,,,
Work,,"Redundancies, dismissals and disciplinaries",,,
Work,Payroll,,,,
Work,Trade unions,,,,
Work,Health and safety at work,,,,
Work,,Ergonomics,,,
Work,,,Home working ,,
Work,,,DSE (display screen equipment),,
Work,,,Pharmacy,,
Work,,Transport (workplace),,,
Work,,,LOLER (lifting operations and lifting equipment regulations),,
Work,,Voluntary organisations,,,
Work,,Electrical safety,,,
Work,,Drugs and alcohol,,,
Work,,Pressure systems,,,
Work,,Young workers,,,
Work,,Lone workers,,,
Work,,Nanotechnology,,,
Work,,Managing for health and safety,,,
Work,,Maintenance,,,
Work,,Expectant mothers,,,
Work,,Appointed doctors,,,
Work,,CDM (construction design and management),,,
Work,,Human factors,,,
Work,,First aid at work,,,
Work,,Temperature,,,
Work,,Stress,,,
Work,,PAT testing (portable appliance testing),,,
Work,,Slips and trips,,,
Work,,Pipelines,,,
Work,,Biosafety,,,
Work,,,GMOs (genetically modified organisms) Contained Use,,
Work,,,Infections at work,,
Work,,Confined spaces,,,
Work,,Airborne hazards,,,
Work,,,Legionnaires' Disease,,
Work,,,LEV (local exhaust ventilation),,
Work,,,Lung disease,,
Work,,,RPE (respiratory protective equipment),,
Work,,,Asthma,,
Work,,,Asbestos,,
Work,,,Lead,,
Work,,Working at height,,,
Work,,,Falls from height,,
Work,,Skin at work,,,
Work,,Cancer (occupational),,,
Work,,Noise,,,
Work,,Compressed air,,,
Work,,Metalworking fluids,,,
Work,,The Control of Substances Hazardous to Health (COSHH),,,
Work,,,Dust,,
Work,,,Welding,,
Work,,,COPD (chronic obstructive pulmonary disease),,
Work,,Manual handling,,,
Work,,Vibration,,,
Work,,Musculoskeletal disorders,,,
Work,,,Back pain,,
Work,Pensions and ageing society,,,,
Work,,Older people,,,
Work,,Public service pensions,,,
Work,,Automatic enrolment in workplace pensions,,,
Work,,State Pension simplification,,,
Work,,Older workers,,,
Work,,State Pension age,,,
Money,,,,,
Money,Expenses and employee benefits,,,,
Money,"Court claims, debt and bankruptcy",,,,
Money,Money laundering regulations,,,,
Money,,Registration for specific business types,,,
Money,,Your role under the regulations,,,
Money,,Problems and compliance checks,,,
Money,Business tax,,,,
Money,,Climate Change Levy,,,
Money,,Business tax reform,,,
Money,,VAT,,,
Money,,,Accounting for VAT,,
Money,,,Exporting goods and services,,
Money,,,Paying,,
Money,,,Exchange rates,,
Money,,,Overseas businesses and UK VAT,,
Money,,,VAT MOSS,,
Money,,,Charging VAT,,
Money,,,Rules for particular trades,,
Money,,,VAT returns,,
Money,,,Importing goods and services,,
Money,,,Reclaiming VAT on a new home,,
Money,,Fuel Duty,,,
Money,,,Moving and storing goods,,
Money,,,Payments and reliefs (Fuel duty),,
Money,,Alcohol duties,,,
Money,,,Moving and storing goods,,
Money,,,Payments and reliefs (Alcohol duty),,
Money,,Pension scheme administration,,,
Money,,,Administering a pension scheme,,
Money,,,Tax on pensions,,
Money,,,Pension scheme trustees,,
Money,,,Paying into a pension scheme,,
Money,,,Overseas schemes,,
Money,,International tax,,,
Money,,,Oil and gas,,
Money,,,Shipping,,
Money,,,Double taxation,,
Money,,Stamp duty and other tax on property,,,
Money,,,Stamp Duty before December 2003,,
Money,,,Pay your SDLT bill,,
Money,,,SDLT on specific transactions,,
Money,,,Annual Tax on Enveloped Dwellings,,
Money,,,Filing a SDLT return,,
Money,,Investment schemes,,,
Money,,,Collective Investment Schemes,,
Money,,,Venture capital schemes,,
Money,,Landfill Tax,,,
Money,,,Payments and reliefs (landfill tax),,
Money,,Corporation Tax,,,
Money,,,Preparing accounts for Corporation Tax,,
Money,,,Changes to your company,,
Money,,,Working out your Corporation Tax,,
Money,,,Filing your return,,
Money,,,Reliefs,,
Money,,,Payments and refunds,,
Money,,Gambling duties,,,
Money,,,Bingo Duty,,
Money,,,Lottery Duty,,
Money,,,Gaming Duty,,
Money,,,Machine Games Duty,,
Money,,,"General Betting Duty, Pool Betting Duty and Remote Gaming Duty",,
Money,,,Paying HMRC,,
Money,,Employment related securities,,,
Money,,,National Insurance transfers,,
Money,,,Returns and notifications,,
Money,,,Asset valuation,,
Money,,,SAYE bonus rates,,
Money,,Construction Industry Scheme (CIS),,,
Money,,,Contractors,,
Money,,,Payments,,
Money,,,Subcontractors,,
Money,,Tobacco Products Duty,,,
Money,,,Moving and storing goods,,
Money,,,Payments and reliefs (tobacco products duty),,
Money,,Aggregates Levy,,,
Money,,,Payments and reliefs (aggregates levy),,
Money,,Air Passenger Duty,,,
Money,,Capital allowances,,,
Money,,Stamp duty on shares,,,
Money,,,Stamp tax on paper shares,,
Money,,,Stamp tax on electronic shares,,
Money,,IR35: working through an intermediary,,,
Money,,,Employment intermediaries,,
Money,,,Off-payroll working rules,,
Money,,,Employment status,,
Money,,Life insurance policies,,,
Money,,Insurance Premium Tax,,,
Money,,,Paying Insurance Premium Tax,,
Money,,PAYE,,,
Money,,,Registering and getting started,,
Money,,,Paying HMRC,,
Money,,,Annual PAYE and payroll tasks,,
Money,,,"Employees joining, leaving or changing their circumstances",,
Money,,,Expenses and benefits,,
Money,,,Changes to the business that affect PAYE,,
Money,,,Statutory pay and leave,,
Money,,,Special types of employee pay,,
Money,,Large and mid-size business,,,
Money,,,Mid-sized businesses,,
Money,,,Large businesses,,
Money,Dealing with HMRC,,,,
Money,,Paying HMRC,,,
Money,,,Inheritance Tax,,
Money,,,Pension schemes,,
Money,,,Tax credit overpayments,,
Money,,,Alcohol duties,,
Money,,,Child Benefit overpayments,,
Money,,,Property taxes,,
Money,,,Corporation Tax,,
Money,,,Money laundering regulation fees,,
Money,,,Shares,,
Money,,,VAT,,
Money,,,Transport and environmental duties,,
Money,,,Payment problems,,
Money,,,Construction Industry Scheme (through PAYE),,
Money,,,Insurance Premium Tax,,
Money,,,Capital Gains Tax,,
Money,,,Income Tax and National Insurance,,
Money,,,Gambling duties,,
Money,,,PAYE ,,
Money,,Tax agent and adviser guidance,,,
Money,,,Working with HMRC - joint initiatives,,
Money,,,Appeals and penalties,,
Money,,,Agent authorisation,,
Money,,,Compliance checks,,
Money,,,Money laundering regulations,,
Money,,Complaints and appeals,,,
Money,,Phishing and scams,,,
Money,,Tax compliance,,,
Money,,,Disclosing offshore income,,
Money,,,Reporting tax evasion,,
Money,,,International agreements and FATCA,,
Money,,,Disputes,,
Money,,,Clearances and approvals,,
Money,,,Non-payment and fraud,,
Money,,,Compliance checks,,
Money,,Tax avoidance,,,
Money,,,Identifying avoidance schemes,,
Money,,,Disclosing avoidance schemes,,
Money,,,Disguised remuneration schemes,,
Money,,Shared Workspace service,,,
Money,,Software development for HMRC,,,
Money,,,HMRC recognition scheme,,
Money,,,New to HMRC development,,
Money,,,Working in partnership,,
Money,,,Software development support,,
Money,Personal tax,,,,
Money,,Living or working abroad or offshore,,,
Money,,,Living and working abroad,,
Money,,,Rules for specific occupations,,
Money,,Tax on savings and investments,,,
Money,,,Tax on shares,,
Money,,,Tax efficient savings and investments,,
Money,,,Tax on savings,,
Money,,,Guidance for financial institutions,,
Money,,Leaving the UK,,,
Money,,Non-resident landlord scheme,,,
Money,,Trusts,,,
Money,,Inheritance Tax,,,
Money,,,Wills and probate,,
Money,,,Reliefs,,
Money,,,Working out the tax,,
Money,,,Paying HMRC,,
Money,,Self Assessment,,,
Money,,,Paying your tax bill,,
Money,,,"Refunds, appeals and penalties",,
Money,,,Records you must keep,,
Money,,,Filing a tax return,,
Money,,,Registering for Self Assessment,,
Money,,Income Tax,,,
Money,,,"Rates, allowances and reliefs",,
Money,,,Pensions,,
Money,,,Scottish rate of Income Tax,,
Money,,,Student jobs and loans,,
Money,,,Company benefits and share schemes,,
Money,,,Overpayments and underpayments,,
Money,,,Special types of pay,,
Money,,,Welsh rate of Income Tax,,
Money,,Capital Gains Tax,,,
Money,,,Business,,
Money,,,Property,,
Money,,,Shares and investments,,
Money,,,Personal possessions,,
Money,,,Divorce and separation,,
Money,,,Paying HMRC,,
Money,,Coming to the UK,,,
Money,,National Insurance,,,
Money,,,Refunds,,
Money,,,National Insurance numbers,,
Money,,,Voluntary contributions,,
Money,,,Rates and classes,,
Money,,Foreign entertainer tax rules,,,
Money,,Personal tax reform,,,
Money,Tax evasion and avoidance,,,,
Money,Fees for intervention,,,,
Business and industry,,,,,
Business and industry,Running a business,,,,
Business and industry,,RIDDOR (reporting incidents diseases and dangerous occurrence regulations),,,
Business and industry,,"ESQCR (reporting incidents - Electricity Safety, Quality and Continuity Regulations)",,,
Business and industry,,Leading health and safety at work,,,
Business and industry,,Appointed doctors,,,
Business and industry,,Business finance and support,,,
Business and industry,,Business premises and business rates,,,
Business and industry,,Limited companies and partnerships,,,
Business and industry,,,Overseas companies and European companies,,
Business and industry,,,Partnerships,,
Business and industry,,,"Company closure, administration, liquidation and insolvency ",,
Business and industry,,,Company names,,
Business and industry,,,Directorship disqualification,,
Business and industry,,Employing people,,,
Business and industry,,,Payroll,,
Business and industry,,,Recruiting and hiring,,
Business and industry,,,Dismissing staff and redundancies,,
Business and industry,,Business licensing ,,,
Business and industry,,,Alcohol licensing ,,
Business and industry,,,Gambling regulation,,
Business and industry,,Business debt and bankruptcy,,,
Business and industry,,"Business auditing, accounting and reporting",,,
Business and industry,Corporate governance,,,,
Business and industry,,Corporate manslaughter,,,
Business and industry,Business regulation,,,,
Business and industry,,Competition,,,
Business and industry,,,Competition Act and cartels,,
Business and industry,,,Mergers,,
Business and industry,,,Markets,,
Business and industry,,,Regulatory appeals and references,,
Business and industry,,,Competition law,,
Business and industry,,Intellectual property,,,
Business and industry,,,Patents,,
Business and industry,,,Trade marks,,
Business and industry,,,Designs,,
Business and industry,,,Copyright,,
Business and industry,,Product safety,,,
Business and industry,,Energy industry and infrastructure licensing and regulation,,,
Business and industry,,,Nuclear safety,,
Business and industry,,Sale of goods and services and data protection,,,
Business and industry,,Regulation reform,,,
Business and industry,,,Company law reform,,
Business and industry,,Consumer rights and issues,,,
Business and industry,,,Consumer protection,,
Business and industry,,,Consumer credit market,,
Business and industry,,State aid,,,
Business and industry,Charities and social enterprises,,,,
Business and industry,,Community interest companies,,,
Business and industry,,"Charity money, tax and accounts",,,
Business and industry,,Fundraising,,,
Business and industry,,Trustee role and board,,,
Business and industry,Science and innovation,,,,
Business and industry,,Space,,,
Business and industry,,Animal research and testing,,,
Business and industry,,Research and development,,,
Business and industry,,Scientific research and development,,,
Business and industry,Trade and investment,,,,
Business and industry,,"Customs declarations, duties and tariffs (import and export)",,,
Business and industry,,,Rules for specific goods and services,,
Business and industry,,,Exchange rates,,
Business and industry,,,Get goods through customs,,
Business and industry,,,UK Trade Tariff and classification of goods,,
Business and industry,,,Customs Freight Simplified Procedures,,
Business and industry,,,Commodity codes and reporting,,
Business and industry,,Digital trade,,,
Business and industry,,Exporting,,,
Business and industry,,,Embargoes and sanctions,,
Business and industry,,,Export controls and licensing,,
Business and industry,,,Export finance,,
Business and industry,,,Trade restrictions on exports,,
Business and industry,,,Licences and special rules,,
Business and industry,,Trade barriers,,,
Business and industry,,Importing,,,
Business and industry,,,Commodity codes and reporting,,
Business and industry,,,Wood packaging,,
Business and industry,,,Import controls,,
Business and industry,,Inward investment,,,
Business and industry,,Outward investment,,,
Business and industry,,Free trade,,,
Business and industry,,Overseas businesses: exporting to the UK,,,
Business and industry,Manufacturing,,,,
Business and industry,UK economy,,,,
Business and industry,,Economics of health and safety,,,
Business and industry,,UK economic growth,,,
Business and industry,,,Economic development in coastal and seaside areas,,
Business and industry,,,Management of the European Regional Development Fund,,
Business and industry,,,Local Enterprise Partnerships (LEPs) and Enterprise Zones,,
Business and industry,,City deals and growth deals,,,
Business and industry,,Regional growth fund,,,
Business and industry,,High streets and town centres,,,
Business and industry,Industrial strategy,,,,
Business and industry,Business and the environment,,,,
Business and industry,,UK energy security,,,
Business and industry,,Energy demand reduction,,,
Business and industry,Media and communications,,,,
Business and industry,,Communications and telecomms,,,
Business and industry,,Broadband investment,,,
Business and industry,,Media and creative industries,,,
Business and industry,Financial services,,,,
Business and industry,,Access to financial services,,,
Business and industry,,Financial services regulation,,,
Business and industry,,Bank regulation,,,
Health and social care,,,,,
Health and social care,Social care,,,,
Health and social care,,Health and social care integration,,,
Health and social care,,End of life care,,,
Health and social care,,Carers' health,,,
Health and social care,Disabled people,,,,
Health and social care,,Disability equipment and transport,,,
Health and social care,,Carers,,,
Health and social care,,Disability rights,,,
Health and social care,,Benefits and financial help,,,
Health and social care,National Health Service,,,,
Health and social care,,Patient safety,,,
Health and social care,,NHS efficiency,,,
Health and social care,,Compassionate care in the NHS,,,
Health and social care,,Health workforce,,,
Health and social care,,,Health and social care training,,
Health and social care,,,Careers in health and social care,,
Health and social care,Public health,,,,
Health and social care,,Abortion,,,
Health and social care,,Ophthalmology,,,
Health and social care,,Dentistry ,,,
Health and social care,,Health conditions,,,
Health and social care,,,Dementia,,
Health and social care,,,Autism,,
Health and social care,,,Learning disabilities,,
Health and social care,,,Obesity,,
Health and social care,,,Diabetes,,
Health and social care,,,Cancer research and treatment,,
Health and social care,,,Heart disease,,
Health and social care,,Mental health,,,
Health and social care,,,Mental health service reform,,
Health and social care,,Health improvement,,,
Health and social care,,,Healthy eating,,
Health and social care,,,Smoking,,
Health and social care,,,Drug misuse and dependency,,
Health and social care,,,Harmful drinking,,
Health and social care,,,Oral health,,
Health and social care,,,Exercise and physical activity,,
Health and social care,,Health protection,,,
Health and social care,,,Emergency response,,
Health and social care,,,Health horizon scanning,,
Health and social care,,,Infectious diseases,,
Health and social care,,,Immunisation,,
Health and social care,,,Antimicrobial resistance (AMR),,
Health and social care,,,Radiation protection,,
Health and social care,,,Laboratories and reference facilities,,
Health and social care,,,,GMOs (genetically modified organisms) Contained Use,
Health and social care,,,"Research, testing and standards",,
Health and social care,,,Health surveillance and reporting programmes,,
Health and social care,,,Chemical and environmental hazards,,
Health and social care,,,Health emergency planning,,
Health and social care,,,Migrant health,,
Health and social care,,Human fertilisation and embryology,,,
Health and social care,,Population screening programmes,,,
Health and social care,,,NHS infectious diseases in pregnancy screening (IDPS) programme,,
Health and social care,,,NHS newborn hearing screening programme (NHSP),,
Health and social care,,,NHS bowel cancer screening (BCSP) programme,,
Health and social care,,,NHS breast screening (BSP) programme ,,
Health and social care,,,NHS fetal anomaly screening programme (FASP),,
Health and social care,,,NHS newborn blood spot (NBS) screening programme,,
Health and social care,,,NHS sickle cell and thalassaemia (SCT) screening programme,,
Health and social care,,,NHS newborn and infant physical examination (NIPE) screening programme,,
Health and social care,,,NHS diabetic eye screening (DES) programme,,
Health and social care,,,NHS cervical screening (CSP) programme ,,
Health and social care,,,NHS abdominal aortic aneurysm (AAA) programme,,
Health and social care,,,Quality assurance in population screening,,
Health and social care,,Sexual and reproductive health,,,
Health and social care,Technology in health and social care,,,,
Health and social care,Research and innovation in health and social care,,,,
Health and social care,Blood regulation and safety,,,,
Health and social care,"Medicines, medical devices",,,,
Health and social care,,"Marketing authorisations, variations and licensing guidance",,,
Health and social care,,"Good practice, inspections and enforcement",,,
Health and social care,,"Manufacturing, wholesaling, importing and exporting medicines",,,
Health and social care,,Herbal and homeopathic medicines,,,
Health and social care,,"Vigilance, safety alerts and guidance",,,
Health and social care,,,Alerts and recalls,,
Health and social care,,Medical devices regulation and safety,,,
Health and social care,,Conferences and events,,,
Health and social care,,Clinical trials and investigations,,,
Health and social care,,Pharmacy,,,
Brexit,,,,,
Brexit,Brexit: guidance for individuals,,,,
Brexit,Brexit: business guidance,,,,
Coronavirus (COVID-19),,,,,
Coronavirus (COVID-19),Testing for coronavirus (COVID-19),,,,
Coronavirus (COVID-19),Volunteering and offering help during coronavirus,,,,
Coronavirus (COVID-19),Health and wellbeing during coronavirus,,,,
Coronavirus (COVID-19),"Healthcare workers, carers and care settings during coronavirus ",,,,
Coronavirus (COVID-19),"International travel, immigration and repatriation during coronavirus",,,,
Coronavirus (COVID-19),,Entering England during coronavirus,,,
Coronavirus (COVID-19),Support for businesses and self-employed people during coronavirus,,,,
Coronavirus (COVID-19),,Funding and support for businesses during coronavirus,,,
Coronavirus (COVID-19),,Your responsibilities as an employer during coronavirus,,,
Coronavirus (COVID-19),,Support for self-employed people and sole traders during coronavirus,,,
Coronavirus (COVID-19),,Managing your business during coronavirus,,,
Coronavirus (COVID-19),Housing and accommodation during coronavirus,,,,
Coronavirus (COVID-19),Driving and transport in the UK during coronavirus,,,,
Coronavirus (COVID-19),Vaccinations for coronavirus,,,,
Coronavirus (COVID-19),Work and financial support during coronavirus,,,,
Coronavirus (COVID-19),,Working safely during coronavirus,,,
Coronavirus (COVID-19),,Working from home during coronavirus,,,
Coronavirus (COVID-19),,Holiday and sick leave during coronavirus,,,
Coronavirus (COVID-19),,Childcare for workers during coronavirus,,,
Coronavirus (COVID-19),,Getting financial support during coronavirus,,,
Coronavirus (COVID-19),,Help with redundancy and finding work during coronavirus,,,
Coronavirus (COVID-19),"Education, universities and childcare during coronavirus",,,,
Coronavirus (COVID-19),,School curriculum and teaching during coronavirus,,,
Coronavirus (COVID-19),,"Student accommodation, travel and financial support during coronavirus",,,
Coronavirus (COVID-19),,Further and higher education and vocational training during coronavirus,,,
Coronavirus (COVID-19),,Funding and support for education providers during coronavirus,,,
Coronavirus (COVID-19),,"Closures, exams and managing a school or early years setting during coronavirus",,,
Coronavirus (COVID-19),,Pupil wellbeing and safety during coronavirus,,,
Coronavirus (COVID-19),Rules and restrictions during coronavirus,,,,
